"","term","judge_char","defendant_char","estimate","std.error","statistic","p.value","conf.low","conf.high","outcome","sig_level","controls","restriction"
"1","judge_age:defendant_age","judge_age","defendant_age",4.5980753971736e-05,3.33255548802465e-05,1.37974458750845,0.167728538159084,-1.93523442114602e-05,0.000111313852154932,"judgement_convicted_binary","insig","None",""
"2","judge_age:defendant_age","judge_age","defendant_age",4.73024205965093e-05,3.51175245551478e-05,1.34697479949723,0.17805933020302,-2.15460421412708e-05,0.000116150883334289,"judgement_convicted_binary","insig","Pers.",""
"3","judge_age:defendant_age","judge_age","defendant_age",3.87703116387688e-05,2.74813133417048e-05,1.41078816564171,0.158380534544139,-1.51074709756891e-05,9.26480942532268e-05,"judgement_convicted_binary","insig","Conv.",""
"4","judge_age:defendant_age","judge_age","defendant_age",0.00409411034072229,0.0231329713720837,0.176981602357532,0.859531189507656,-0.0412584670088477,0.0494466876902923,"punishment_prison_days","insig","None",""
"5","judge_age:defendant_age","judge_age","defendant_age",0.0065741095949426,0.0239151347875843,0.274893269610823,0.783413245522006,-0.0403136909033392,0.0534619100932244,"punishment_prison_days","insig","Pers.",""
"6","judge_age:defendant_age","judge_age","defendant_age",0.0162974497597096,0.0210748365744454,0.773313221297825,0.439386181371571,-0.025021918399394,0.0576168179188132,"punishment_prison_days","insig","Conv.",""
"7","judge_age:defendant_age","judge_age","defendant_age",-3.30226101055056,1.8990912138713,-1.73886382414402,0.0821467463204865,-7.02570049294618,0.421178471845045,"punishment_fine","*","None",""
"8","judge_age:defendant_age","judge_age","defendant_age",-3.60202933025184,1.99645391476846,-1.80421361274927,0.0712952913555209,-7.51654240676619,0.31248374626252,"punishment_fine","*","Pers.",""
"9","judge_age:defendant_age","judge_age","defendant_age",-3.47242865444822,1.80070528195154,-1.92837144937173,0.0539025441053406,-7.00316073319715,0.0583034243007075,"punishment_fine","*","Conv.",""
"10","judge_age:defendant_is_woman","judge_age","defendant_is_woman",-0.00105449859283422,0.00123596201530426,-0.853180421224059,0.393603203615332,-0.00347757033607765,0.0013685731504092,"judgement_convicted_binary","insig","None",""
"11","judge_age:defendant_is_woman","judge_age","defendant_is_woman",-0.00110489489594917,0.00127650604544664,-0.86556182000891,0.386778788770743,-0.00360750520284796,0.00139771541094962,"judgement_convicted_binary","insig","Pers.",""
"12","judge_age:defendant_is_woman","judge_age","defendant_is_woman",7.57479175385746e-05,0.00100297067091284,0.0755235618900339,0.939801718594362,-0.00189060045541611,0.00204209629049326,"judgement_convicted_binary","insig","Conv.",""
"13","judge_age:defendant_is_woman","judge_age","defendant_is_woman",-0.777879145025963,0.857386450011218,-0.907267831228013,0.364318617741191,-2.4588230300207,0.903064739968774,"punishment_prison_days","insig","None",""
"14","judge_age:defendant_is_woman","judge_age","defendant_is_woman",-0.723966737355375,0.876096192921632,-0.826355305735401,0.408654669029643,-2.44163313881508,0.993699664104326,"punishment_prison_days","insig","Pers.",""
"15","judge_age:defendant_is_woman","judge_age","defendant_is_woman",-0.361771560209688,0.775477744039942,-0.466514433186692,0.640874643882418,-1.88217482843862,1.15863170801924,"punishment_prison_days","insig","Conv.",""
"16","judge_age:defendant_is_woman","judge_age","defendant_is_woman",136.794892280451,73.5107325915907,1.86088326775972,0.0628485770265013,-7.33578912429047,280.925573685192,"punishment_fine","*","None",""
"17","judge_age:defendant_is_woman","judge_age","defendant_is_woman",127.914714517449,74.6742748971917,1.71296895341209,0.0868186960535864,-18.5016006310955,274.331029665994,"punishment_fine","*","Pers.",""
"18","judge_age:defendant_is_woman","judge_age","defendant_is_woman",181.925725618691,67.5448131994733,2.69340778368027,0.00711165223565292,49.4872632524197,314.364187984962,"punishment_fine","***","Conv.",""
"19","judge_age:defendant_some_foreign_background","judge_age","defendant_some_foreign_background",-0.000181348012690938,0.000970773634924218,-0.186807723414423,0.851819999692624,-0.0020845526729975,0.00172185664761563,"judgement_convicted_binary","insig","None",""
"20","judge_age:defendant_some_foreign_background","judge_age","defendant_some_foreign_background",-0.000131766751286825,0.000980422491676243,-0.134397927837764,0.893094210015125,-0.00205390056454726,0.00179036706197362,"judgement_convicted_binary","insig","Pers.",""
"21","judge_age:defendant_some_foreign_background","judge_age","defendant_some_foreign_background",-0.000713776015867398,0.000769249944103164,-0.927885690910981,0.353519746113026,-0.00222190922439487,0.000794357192660078,"judgement_convicted_binary","insig","Conv.",""
"22","judge_age:defendant_some_foreign_background","judge_age","defendant_some_foreign_background",0.630475658477488,0.656632015251979,0.960165882614704,0.337031687148318,-0.656901867099963,1.91785318405494,"punishment_prison_days","insig","None",""
"23","judge_age:defendant_some_foreign_background","judge_age","defendant_some_foreign_background",0.730699907036415,0.664874401547721,1.09900442148993,0.271836055033865,-0.572846929436715,2.03424674350955,"punishment_prison_days","insig","Pers.",""
"24","judge_age:defendant_some_foreign_background","judge_age","defendant_some_foreign_background",0.742927580327406,0.587285201359436,1.26502009348727,0.205943383187552,-0.408504999642783,1.8943601602976,"punishment_prison_days","insig","Conv.",""
"25","judge_age:defendant_some_foreign_background","judge_age","defendant_some_foreign_background",32.8115179124631,56.393970795738,0.581826699724837,0.56072493398605,-77.7609991598223,143.384034984748,"punishment_fine","insig","None",""
"26","judge_age:defendant_some_foreign_background","judge_age","defendant_some_foreign_background",9.72863873309897,55.8731414726194,0.174120131366991,0.861782473287606,-99.8236736456573,119.280951111855,"punishment_fine","insig","Pers.",""
"27","judge_age:defendant_some_foreign_background","judge_age","defendant_some_foreign_background",-0.186374567188455,50.4321990292554,-0.00369554710633063,0.997051630733535,-99.0712863287983,98.6985371944213,"punishment_fine","insig","Conv.",""
"28","judge_age:defendant_log_net_income","judge_age","defendant_log_net_income",0.000106388763132501,9.40010830831096e-05,1.1317823118957,0.257781599746583,-7.78957000209045e-05,0.000290673226285907,"judgement_convicted_binary","insig","None",""
"29","judge_age:defendant_log_net_income","judge_age","defendant_log_net_income",0.000180360533646175,0.000102505779836124,1.75951574569276,0.0785610518712524,-2.06036702051452e-05,0.000381324737497495,"judgement_convicted_binary","*","Pers.",""
"30","judge_age:defendant_log_net_income","judge_age","defendant_log_net_income",0.000135021491710521,8.06804058643462e-05,1.67353510761389,0.0942958514563372,-2.31544045560086e-05,0.00029319738797705,"judgement_convicted_binary","*","Conv.",""
"31","judge_age:defendant_log_net_income","judge_age","defendant_log_net_income",-0.170120571551521,0.0647977920767861,-2.62540691741358,0.00868524609951401,-0.297157726873047,-0.0430834162299958,"punishment_prison_days","***","None",""
"32","judge_age:defendant_log_net_income","judge_age","defendant_log_net_income",-0.204829694572751,0.0695332626407823,-2.94578000216857,0.00324105973967759,-0.341155990688306,-0.0685033984571961,"punishment_prison_days","***","Pers.",""
"33","judge_age:defendant_log_net_income","judge_age","defendant_log_net_income",-0.143017523391112,0.0616670831965638,-2.31918741697647,0.0204387953545123,-0.263922134200126,-0.0221129125820984,"punishment_prison_days","**","Conv.",""
"34","judge_age:defendant_log_net_income","judge_age","defendant_log_net_income",-7.65358555420124,5.42211870879779,-1.41154887328135,0.158171826348637,-18.2844234682045,2.97725235980207,"punishment_fine","insig","None",""
"35","judge_age:defendant_log_net_income","judge_age","defendant_log_net_income",-6.96103869627578,5.88555078219366,-1.18273360538081,0.237005854142926,-18.5010323464965,4.57895495394498,"punishment_fine","insig","Pers.",""
"36","judge_age:defendant_log_net_income","judge_age","defendant_log_net_income",-6.617081958308,5.33905775904201,-1.23937261160016,0.215303811816014,-17.0856370789512,3.85147316233519,"punishment_fine","insig","Conv.",""
"37","judge_age:case_is_not_oslo","judge_age","case_is_not_oslo",-0.00100011898276236,0.00111240234097633,-0.899062278028453,0.368663866247386,-0.0031809286233935,0.00118069065786878,"judgement_convicted_binary","insig","None",""
"38","judge_age:case_is_not_oslo","judge_age","case_is_not_oslo",-0.000924927018857596,0.0012094216875496,-0.764768011339027,0.444451666580521,-0.00329601738027419,0.001446163342559,"judgement_convicted_binary","insig","Pers.",""
"39","judge_age:case_is_not_oslo","judge_age","case_is_not_oslo",-0.000883933167336974,0.000951934107137408,-0.928565497033275,0.3531672294181,-0.00275022311679889,0.000982356782124944,"judgement_convicted_binary","insig","Conv.",""
"40","judge_age:case_is_not_oslo","judge_age","case_is_not_oslo",-3.36182243096104,0.767729515790802,-4.37891518017018,1.22111934868022e-05,-4.86696898945583,-1.85667587246625,"punishment_prison_days","***","None",""
"41","judge_age:case_is_not_oslo","judge_age","case_is_not_oslo",-4.06652628638594,0.819619352990735,-4.96148153596845,7.30352664272474e-07,-5.67346469793575,-2.45958787483612,"punishment_prison_days","***","Pers.",""
"42","judge_age:case_is_not_oslo","judge_age","case_is_not_oslo",-2.97972408207486,0.727479921890254,-4.09595370595585,4.29386173050603e-05,-4.40602272096385,-1.55342544318587,"punishment_prison_days","***","Conv.",""
"43","judge_age:case_is_not_oslo","judge_age","case_is_not_oslo",-66.4634988769747,63.8887429881542,-1.04030061898851,0.298272195174757,-191.726501720207,58.799503966258,"punishment_fine","insig","None",""
"44","judge_age:case_is_not_oslo","judge_age","case_is_not_oslo",-48.3651144633756,68.9477116679857,-0.701475267174571,0.48305935846775,-183.553168103659,86.8229391769074,"punishment_fine","insig","Pers.",""
"45","judge_age:case_is_not_oslo","judge_age","case_is_not_oslo",-39.7152480671313,62.5054527136535,-0.635388535606207,0.525223166769314,-162.272786607611,82.8422904733483,"punishment_fine","insig","Conv.",""
"46","judge_age:defendant_is_married","judge_age","defendant_is_married",0.000804011503640315,0.00147502844902335,0.545082031585677,0.585723241928948,-0.00208774383434943,0.00369576684163006,"judgement_convicted_binary","insig","None",""
"47","judge_age:defendant_is_married","judge_age","defendant_is_married",0.00101245141711231,0.0015881512225033,0.637503156353368,0.523831096635677,-0.00210114419219011,0.00412604702641474,"judgement_convicted_binary","insig","Pers.",""
"48","judge_age:defendant_is_married","judge_age","defendant_is_married",0.000996401531681592,0.00124469390947722,0.800519327759934,0.423454874052793,-0.00144385112445997,0.00343665418782315,"judgement_convicted_binary","insig","Conv.",""
"49","judge_age:defendant_is_married","judge_age","defendant_is_married",2.25694706273937,1.02762946382222,2.19626542659137,0.0281288762659345,0.242234253562388,4.27165987191635,"punishment_prison_days","**","None",""
"50","judge_age:defendant_is_married","judge_age","defendant_is_married",2.46602841604186,1.0941207832185,2.25389047888088,0.024260048835194,0.320904942549841,4.61115188953388,"punishment_prison_days","**","Pers.",""
"51","judge_age:defendant_is_married","judge_age","defendant_is_married",2.24916749506085,0.965819876885341,2.32876496838537,0.0199248401405353,0.355579047651707,4.14275594246999,"punishment_prison_days","**","Conv.",""
"52","judge_age:defendant_is_married","judge_age","defendant_is_married",-207.69193707884,85.6655633583456,-2.42445072368285,0.0153843606800115,-375.654295559971,-39.729578597708,"punishment_fine","**","None",""
"53","judge_age:defendant_is_married","judge_age","defendant_is_married",-221.11020641072,90.5535690819868,-2.44176136459655,0.0146715943727215,-398.661577706758,-43.5588351146822,"punishment_fine","**","Pers.",""
"54","judge_age:defendant_is_married","judge_age","defendant_is_married",-136.523231508934,81.8136317420478,-1.66871007437222,0.0952784737463179,-296.93927347086,23.8928104529923,"punishment_fine","*","Conv.",""
"55","judge_is_woman:defendant_age","judge_is_woman","defendant_age",0.0013447845074053,0.000852226220142034,1.57796659574869,0.114638499999758,-0.000325965140814957,0.00301553415562555,"judgement_convicted_binary","insig","None",""
"56","judge_is_woman:defendant_age","judge_is_woman","defendant_age",0.00171036735936724,0.000893090653095531,1.91511058081165,0.0555446721502929,-4.0551002049388e-05,0.00346128572078386,"judgement_convicted_binary","*","Pers.",""
"57","judge_is_woman:defendant_age","judge_is_woman","defendant_age",0.00178705140996666,0.000700896547043623,2.54966502189864,0.0108175823339039,0.000412926697392135,0.00316117612254118,"judgement_convicted_binary","**","Conv.",""
"58","judge_is_woman:defendant_age","judge_is_woman","defendant_age",0.0403062544629621,0.603879108481105,0.0667455686028643,0.9467873814914,-1.14361063800249,1.22422314692841,"punishment_prison_days","insig","None",""
"59","judge_is_woman:defendant_age","judge_is_woman","defendant_age",0.165235114307637,0.616875432707671,0.267858153440096,0.788823104965426,-1.04420537089107,1.37467559950635,"punishment_prison_days","insig","Pers.",""
"60","judge_is_woman:defendant_age","judge_is_woman","defendant_age",0.0556567456696836,0.545683350611527,0.10199458276913,0.918766473581843,-1.01421115971426,1.12552465105363,"punishment_prison_days","insig","Conv.",""
"61","judge_is_woman:defendant_age","judge_is_woman","defendant_age",29.2853110977988,49.5139502061408,0.5914557609699,0.554253548773563,-67.7940514721443,126.364673667742,"punishment_fine","insig","None",""
"62","judge_is_woman:defendant_age","judge_is_woman","defendant_age",38.2338768615996,51.7860560388237,0.738304473948274,0.460385589513899,-63.3047522274625,139.772505950662,"punishment_fine","insig","Pers.",""
"63","judge_is_woman:defendant_age","judge_is_woman","defendant_age",19.9642509998992,46.8362692913736,0.426256217712376,0.66995152607066,-71.8699431313904,111.798445131189,"punishment_fine","insig","Conv.",""
"64","judge_is_woman:defendant_is_woman","judge_is_woman","defendant_is_woman",0.0177323646169387,0.0310611954878437,0.570884807826489,0.568105000057652,-0.0431621282704044,0.0786268575042817,"judgement_convicted_binary","insig","None",""
"65","judge_is_woman:defendant_is_woman","judge_is_woman","defendant_is_woman",0.0222432456865937,0.0323116127023597,0.688397880090005,0.491239394306527,-0.0411041824512446,0.0855906738244319,"judgement_convicted_binary","insig","Pers.",""
"66","judge_is_woman:defendant_is_woman","judge_is_woman","defendant_is_woman",-0.00457527809493655,0.0253336903550615,-0.180600537498179,0.856689775456102,-0.0542425936558937,0.0450920374660206,"judgement_convicted_binary","insig","Conv.",""
"67","judge_is_woman:defendant_is_woman","judge_is_woman","defendant_is_woman",-4.58909378649386,21.7057364162054,-0.211423086436619,0.83256754747424,-47.1439936456919,37.9658060727042,"punishment_prison_days","insig","None",""
"68","judge_is_woman:defendant_is_woman","judge_is_woman","defendant_is_woman",3.93167581935155,22.2467526490316,0.176730324707534,0.859729678135868,-39.6851095012125,47.5484611399156,"punishment_prison_days","insig","Pers.",""
"69","judge_is_woman:defendant_is_woman","judge_is_woman","defendant_is_woman",12.1010349749433,19.6344433155209,0.616316682906793,0.537723251497839,-26.3942951827667,50.5963651326533,"punishment_prison_days","insig","Conv.",""
"70","judge_is_woman:defendant_is_woman","judge_is_woman","defendant_is_woman",-892.899185061282,1843.74091026976,-0.484286691306666,0.628213871849362,-4507.8625333965,2722.06416327394,"punishment_fine","insig","None",""
"71","judge_is_woman:defendant_is_woman","judge_is_woman","defendant_is_woman",-920.642637624589,1881.9313243507,-0.48920097439912,0.624734186609412,-4610.60749169796,2769.32221644878,"punishment_fine","insig","Pers.",""
"72","judge_is_woman:defendant_is_woman","judge_is_woman","defendant_is_woman",-2384.49137671561,1697.34168673643,-1.40483875188407,0.160172044910154,-5712.55333223078,943.570578799557,"punishment_fine","insig","Conv.",""
"73","judge_is_woman:defendant_some_foreign_background","judge_is_woman","defendant_some_foreign_background",-0.0330602493072628,0.0240401717280244,-1.37520853350325,0.169135952504884,-0.0801909247995112,0.0140704261849856,"judgement_convicted_binary","insig","None",""
"74","judge_is_woman:defendant_some_foreign_background","judge_is_woman","defendant_some_foreign_background",-0.0373038523837109,0.0245127557284209,-1.52181389954699,0.128129247443001,-0.0853614979822274,0.0107537932148055,"judgement_convicted_binary","insig","Pers.",""
"75","judge_is_woman:defendant_some_foreign_background","judge_is_woman","defendant_some_foreign_background",-0.0224076087736771,0.0192746951013801,-1.16254024542638,0.245081592414744,-0.0601961169035324,0.0153808993561782,"judgement_convicted_binary","insig","Conv.",""
"76","judge_is_woman:defendant_some_foreign_background","judge_is_woman","defendant_some_foreign_background",13.4747225751076,16.4336000706517,0.819949525190878,0.412294721547439,-18.7444873230093,45.6939324732246,"punishment_prison_days","insig","None",""
"77","judge_is_woman:defendant_some_foreign_background","judge_is_woman","defendant_some_foreign_background",9.92469785561176,16.8045510692236,0.590595834112356,0.554826526934192,-23.0221554653237,42.8715511765472,"punishment_prison_days","insig","Pers.",""
"78","judge_is_woman:defendant_some_foreign_background","judge_is_woman","defendant_some_foreign_background",10.5719791544597,14.8848823725629,0.710249425547821,0.477594008818896,-18.6113519989902,39.7553103079096,"punishment_prison_days","insig","Conv.",""
"79","judge_is_woman:defendant_some_foreign_background","judge_is_woman","defendant_some_foreign_background",-606.619535248783,1407.37011997021,-0.431030563062987,0.666475225564061,-3366.05963770098,2152.82056720341,"punishment_fine","insig","None",""
"80","judge_is_woman:defendant_some_foreign_background","judge_is_woman","defendant_some_foreign_background",-799.164936999855,1413.95405853174,-0.565198658455506,0.57197973445051,-3571.55132206447,1973.22144806476,"punishment_fine","insig","Pers.",""
"81","judge_is_woman:defendant_some_foreign_background","judge_is_woman","defendant_some_foreign_background",369.387164155087,1280.37842199529,0.288498429690379,0.772985024899133,-2141.11425592037,2879.88858423054,"punishment_fine","insig","Conv.",""
"82","judge_is_woman:defendant_log_net_income","judge_is_woman","defendant_log_net_income",0.00492926645578494,0.00236019637019006,2.08849844785923,0.0368040007525748,0.000302232205626414,0.00955630070594347,"judgement_convicted_binary","**","None",""
"83","judge_is_woman:defendant_log_net_income","judge_is_woman","defendant_log_net_income",0.00505823627416891,0.00256062355317724,1.97539238748805,0.048287484334277,3.80932680878535e-05,0.01007837928025,"judgement_convicted_binary","**","Pers.",""
"84","judge_is_woman:defendant_log_net_income","judge_is_woman","defendant_log_net_income",0.0019292752714581,0.00201594356693005,0.957008570629814,0.338617555802576,-0.00202303107982687,0.00588158162274306,"judgement_convicted_binary","insig","Conv.",""
"85","judge_is_woman:defendant_log_net_income","judge_is_woman","defendant_log_net_income",-1.56541388150635,1.64245404873898,-0.953094476346673,0.34059518493189,-4.78546103241033,1.65463326939764,"punishment_prison_days","insig","None",""
"86","judge_is_woman:defendant_log_net_income","judge_is_woman","defendant_log_net_income",-1.17584885390479,1.74973628863266,-0.672014898212839,0.50161523892954,-4.60636625448429,2.25466854667472,"punishment_prison_days","insig","Pers.",""
"87","judge_is_woman:defendant_log_net_income","judge_is_woman","defendant_log_net_income",-2.2435038672155,1.55085616534248,-1.44662278640138,0.148086875073269,-5.28411567130907,0.797107936878072,"punishment_prison_days","insig","Conv.",""
"88","judge_is_woman:defendant_log_net_income","judge_is_woman","defendant_log_net_income",30.1060156043481,135.683508935112,0.22188411724188,0.824416908218627,-235.919834711681,296.131865920377,"punishment_fine","insig","None",""
"89","judge_is_woman:defendant_log_net_income","judge_is_woman","defendant_log_net_income",74.3589035625167,146.806582731058,0.506509327982507,0.612535327362451,-213.489608024971,362.207415150005,"punishment_fine","insig","Pers.",""
"90","judge_is_woman:defendant_log_net_income","judge_is_woman","defendant_log_net_income",149.126064546481,132.953738322673,1.12163874764137,0.262105214342124,-111.562918592786,409.815047685748,"punishment_fine","insig","Conv.",""
"91","judge_is_woman:case_is_not_oslo","judge_is_woman","case_is_not_oslo",-0.0291555892480049,0.0279594646883837,-1.04278066740377,0.297100945495707,-0.0839685710673235,0.0256573925713137,"judgement_convicted_binary","insig","None",""
"92","judge_is_woman:case_is_not_oslo","judge_is_woman","case_is_not_oslo",-0.031760424612036,0.0303981907183907,-1.04481299253186,0.296168139443563,-0.0913565586642657,0.0278357094401937,"judgement_convicted_binary","insig","Pers.",""
"93","judge_is_woman:case_is_not_oslo","judge_is_woman","case_is_not_oslo",-0.00527307961697021,0.0238766874060593,-0.22084636479481,0.825222707071254,-0.0520839054905937,0.0415377462566533,"judgement_convicted_binary","insig","Conv.",""
"94","judge_is_woman:case_is_not_oslo","judge_is_woman","case_is_not_oslo",27.8835755875991,19.4988869420443,1.43000857794992,0.152786408163615,-10.3441820727962,66.1113332479944,"punishment_prison_days","insig","None",""
"95","judge_is_woman:case_is_not_oslo","judge_is_woman","case_is_not_oslo",38.3930361990155,20.6786827348444,1.85664806077429,0.063438906070284,-2.1494051984718,78.9354775965027,"punishment_prison_days","*","Pers.",""
"96","judge_is_woman:case_is_not_oslo","judge_is_woman","case_is_not_oslo",32.4902544085347,18.2950786699482,1.77590132268213,0.0758309320526174,-3.37911465599126,68.3596234730606,"punishment_prison_days","*","Conv.",""
"97","judge_is_woman:case_is_not_oslo","judge_is_woman","case_is_not_oslo",945.434943774342,1608.31535710642,0.587841768467169,0.556676043563428,-2207.88459968744,4098.75448723613,"punishment_fine","insig","None",""
"98","judge_is_woman:case_is_not_oslo","judge_is_woman","case_is_not_oslo",1564.66929818163,1726.45505540707,0.906290200420366,0.364853026220879,-1820.44810443524,4949.7867007985,"punishment_fine","insig","Pers.",""
"99","judge_is_woman:case_is_not_oslo","judge_is_woman","case_is_not_oslo",961.595809414982,1565.06087205693,0.614414318691117,0.538987844650271,-2107.09659769425,4030.28821652421,"punishment_fine","insig","Conv.",""
"100","judge_is_woman:defendant_is_married","judge_is_woman","defendant_is_married",-0.0395514063910199,0.0368677007629898,-1.07279286672317,0.283419093403037,-0.111829369509445,0.0327265567274056,"judgement_convicted_binary","insig","None",""
"101","judge_is_woman:defendant_is_married","judge_is_woman","defendant_is_married",-0.0365513137926653,0.0392278259944574,-0.931770060309478,0.351507681446863,-0.11345808756091,0.0403554599755793,"judgement_convicted_binary","insig","Pers.",""
"102","judge_is_woman:defendant_is_married","judge_is_woman","defendant_is_married",-0.0266043599344034,0.0307374800202395,-0.86553484270296,0.386794328037718,-0.0868659364484163,0.0336572165796096,"judgement_convicted_binary","insig","Conv.",""
"103","judge_is_woman:defendant_is_married","judge_is_woman","defendant_is_married",22.8332611137532,25.9766048873457,0.87899327925168,0.379455921043394,-28.0948345042162,73.7613567317226,"punishment_prison_days","insig","None",""
"104","judge_is_woman:defendant_is_married","judge_is_woman","defendant_is_married",42.5133504391027,27.5090671250812,1.54543046646396,0.122325798187149,-11.4206818258661,96.4473827040714,"punishment_prison_days","insig","Pers.",""
"105","judge_is_woman:defendant_is_married","judge_is_woman","defendant_is_married",36.2408574923842,24.2786075009068,1.49270741705556,0.135598615234235,-11.3598305687871,83.8415455535554,"punishment_prison_days","insig","Conv.",""
"106","judge_is_woman:defendant_is_married","judge_is_woman","defendant_is_married",-893.227164534925,2172.04644900432,-0.411237598046941,0.680924455259023,-5151.88859591982,3365.43426684997,"punishment_fine","insig","None",""
"107","judge_is_woman:defendant_is_married","judge_is_woman","defendant_is_married",-2712.06541154584,2297.31828634383,-1.1805353344669,0.237878348163763,-7216.49319036157,1792.36236726989,"punishment_fine","insig","Pers.",""
"108","judge_is_woman:defendant_is_married","judge_is_woman","defendant_is_married",-142.277990333072,2072.92801825797,-0.0686362425901495,0.945283711838213,-4206.77067792538,3922.21469725923,"punishment_fine","insig","Conv.",""
"109","judge_some_foreign_background:defendant_age","judge_some_foreign_background","defendant_age",-0.00127937006654815,0.00229450845784163,-0.557579146058851,0.57715792603636,-0.00577766374915335,0.00321892361605706,"judgement_convicted_binary","insig","None",""
"110","judge_some_foreign_background:defendant_age","judge_some_foreign_background","defendant_age",-0.00244748897328545,0.00247814391968029,-0.987629876476748,0.323389517497023,-0.00730592935239111,0.00241095140582022,"judgement_convicted_binary","insig","Pers.",""
"111","judge_some_foreign_background:defendant_age","judge_some_foreign_background","defendant_age",-0.00111307029673628,0.00194495826614243,-0.572284925652369,0.567159337307436,-0.00492620824085298,0.00270006764738041,"judgement_convicted_binary","insig","Conv.",""
"112","judge_some_foreign_background:defendant_age","judge_some_foreign_background","defendant_age",0.738084161494174,1.63282848461113,0.452027979944235,0.651272135399548,-2.46312207097701,3.93929039396536,"punishment_prison_days","insig","None",""
"113","judge_some_foreign_background:defendant_age","judge_some_foreign_background","defendant_age",0.533781430661075,1.72962447529811,0.30861116865791,0.757634312399431,-2.85730492762388,3.92486778894603,"punishment_prison_days","insig","Pers.",""
"114","judge_some_foreign_background:defendant_age","judge_some_foreign_background","defendant_age",0.854916426429459,1.52902071807048,0.559126777240995,0.57610886780915,-2.14288475459884,3.85271760745776,"punishment_prison_days","insig","Conv.",""
"115","judge_some_foreign_background:defendant_age","judge_some_foreign_background","defendant_age",-20.645156891176,136.004716072299,-0.151797360322426,0.879355701970866,-287.303708819769,246.013395037417,"punishment_fine","insig","None",""
"116","judge_some_foreign_background:defendant_age","judge_some_foreign_background","defendant_age",29.3071450672938,144.052371532634,0.203447848553152,0.838798417580338,-253.141093730545,311.755383865132,"punishment_fine","insig","Pers.",""
"117","judge_some_foreign_background:defendant_age","judge_some_foreign_background","defendant_age",19.1277707911242,130.091237540625,0.147033506274017,0.88311538473434,-235.948565215978,274.204106798226,"punishment_fine","insig","Conv.",""
"118","judge_some_foreign_background:defendant_is_woman","judge_some_foreign_background","defendant_is_woman",-0.0952252636476555,0.0977470272130169,-0.974201122660582,0.330007570092858,-0.286856001238107,0.0964054739427957,"judgement_convicted_binary","insig","None",""
"119","judge_some_foreign_background:defendant_is_woman","judge_some_foreign_background","defendant_is_woman",-0.118270607122613,0.100668945389734,-1.17484698647369,0.240120991602296,-0.315633667967992,0.0790924537227658,"judgement_convicted_binary","insig","Pers.",""
"120","judge_some_foreign_background:defendant_is_woman","judge_some_foreign_background","defendant_is_woman",-0.0926705032405804,0.078966767700647,-1.17353800768296,0.240646118891057,-0.247486770245013,0.0621457637638526,"judgement_convicted_binary","insig","Conv.",""
"121","judge_some_foreign_background:defendant_is_woman","judge_some_foreign_background","defendant_is_woman",8.13323510342725,70.4746686284085,0.115406503666038,0.90812860765299,-130.03559607518,146.302066282035,"punishment_prison_days","insig","None",""
"122","judge_some_foreign_background:defendant_is_woman","judge_some_foreign_background","defendant_is_woman",13.1911157173924,71.7208370239533,0.18392305869195,0.854083670080397,-127.424119271571,153.806350706356,"punishment_prison_days","insig","Pers.",""
"123","judge_some_foreign_background:defendant_is_woman","judge_some_foreign_background","defendant_is_woman",-38.1370776268609,63.3959884815003,-0.601569256041962,0.547497565883015,-162.431383711952,86.1572284582305,"punishment_prison_days","insig","Conv.",""
"124","judge_some_foreign_background:defendant_is_woman","judge_some_foreign_background","defendant_is_woman",-3510.84255457798,5994.18007047977,-0.585708556182392,0.558111170216944,-15263.5016430412,8241.81653388522,"punishment_fine","insig","None",""
"125","judge_some_foreign_background:defendant_is_woman","judge_some_foreign_background","defendant_is_woman",-4710.92342540094,5918.91524601465,-0.795909931059229,0.426145605763178,-16316.3358809104,6894.48903010854,"punishment_fine","insig","Pers.",""
"126","judge_some_foreign_background:defendant_is_woman","judge_some_foreign_background","defendant_is_woman",-1415.59913691638,5349.02232193046,-0.264646331931083,0.791299978262814,-11903.6922698004,9072.49399596766,"punishment_fine","insig","Conv.",""
"127","judge_some_foreign_background:defendant_some_foreign_background","judge_some_foreign_background","defendant_some_foreign_background",0.0535122282153926,0.0627013784043181,0.85344580258394,0.39345873643622,-0.0694141379545261,0.176438594385311,"judgement_convicted_binary","insig","None",""
"128","judge_some_foreign_background:defendant_some_foreign_background","judge_some_foreign_background","defendant_some_foreign_background",0.0601353394886019,0.064095874834555,0.938209200573733,0.348189604761668,-0.0655256376472539,0.185796316624458,"judgement_convicted_binary","insig","Pers.",""
"129","judge_some_foreign_background:defendant_some_foreign_background","judge_some_foreign_background","defendant_some_foreign_background",-0.00567564652637742,0.0504665529398681,-0.112463526746914,0.91046121779802,-0.104616549924504,0.0932652568717487,"judgement_convicted_binary","insig","Conv.",""
"130","judge_some_foreign_background:defendant_some_foreign_background","judge_some_foreign_background","defendant_some_foreign_background",53.2915770998986,41.9087488837188,1.27160983134483,0.203588373528095,-28.8738188118783,135.456973011676,"punishment_prison_days","insig","None",""
"131","judge_some_foreign_background:defendant_some_foreign_background","judge_some_foreign_background","defendant_some_foreign_background",49.3284250758301,42.6568339212347,1.15640146118004,0.247589985637849,-34.3041840042388,132.961034155899,"punishment_prison_days","insig","Pers.",""
"132","judge_some_foreign_background:defendant_some_foreign_background","judge_some_foreign_background","defendant_some_foreign_background",47.644939642508,37.7813930103609,1.26106889784191,0.207363126284058,-26.4293376048811,121.719216889897,"punishment_prison_days","insig","Conv.",""
"133","judge_some_foreign_background:defendant_some_foreign_background","judge_some_foreign_background","defendant_some_foreign_background",-5908.81918619542,3479.79763752409,-1.69803528874156,0.0895999306817702,-12731.7205280577,914.082155666862,"punishment_fine","*","None",""
"134","judge_some_foreign_background:defendant_some_foreign_background","judge_some_foreign_background","defendant_some_foreign_background",-5594.92271036603,3513.22139202233,-1.59253348595416,0.111367300520991,-12483.411835023,1293.56641429094,"punishment_fine","insig","Pers.",""
"135","judge_some_foreign_background:defendant_some_foreign_background","judge_some_foreign_background","defendant_some_foreign_background",-1792.44029384836,3189.564348078,-0.561970256197673,0.57417797482877,-8046.37716728726,4461.49657959054,"punishment_fine","insig","Conv.",""
"136","judge_some_foreign_background:defendant_log_net_income","judge_some_foreign_background","defendant_log_net_income",-0.00691778616937722,0.00658961130717584,-1.04980185429815,0.2938613895249,-0.0198364023378521,0.00600082999909768,"judgement_convicted_binary","insig","None",""
"137","judge_some_foreign_background:defendant_log_net_income","judge_some_foreign_background","defendant_log_net_income",-0.00561416998357099,0.00699580232763519,-0.802505519830599,0.42230494716319,-0.0193295511779002,0.00810121121075818,"judgement_convicted_binary","insig","Pers.",""
"138","judge_some_foreign_background:defendant_log_net_income","judge_some_foreign_background","defendant_log_net_income",-0.00295937246250563,0.00550728371057734,-0.537356093861995,0.591049897273376,-0.0137565360065178,0.00783779108150657,"judgement_convicted_binary","insig","Conv.",""
"139","judge_some_foreign_background:defendant_log_net_income","judge_some_foreign_background","defendant_log_net_income",4.35621955901874,4.52702205515786,0.962270451953173,0.335968090358852,-4.51908875335107,13.2315278713885,"punishment_prison_days","insig","None",""
"140","judge_some_foreign_background:defendant_log_net_income","judge_some_foreign_background","defendant_log_net_income",2.811926216875,4.71458874249166,0.596430859712463,0.55092310759932,-6.43145452727857,12.0553069610286,"punishment_prison_days","insig","Pers.",""
"141","judge_some_foreign_background:defendant_log_net_income","judge_some_foreign_background","defendant_log_net_income",0.0210934794703222,4.1813024105148,0.00504471511490727,0.995975187339799,-8.17677667123355,8.21896363017419,"punishment_prison_days","insig","Conv.",""
"142","judge_some_foreign_background:defendant_log_net_income","judge_some_foreign_background","defendant_log_net_income",530.001535663231,344.623693235728,1.53791380588769,0.124160473946313,-145.683159893591,1205.68623122005,"punishment_fine","insig","None",""
"143","judge_some_foreign_background:defendant_log_net_income","judge_some_foreign_background","defendant_log_net_income",537.747911168957,361.325714744074,1.48826360600945,0.13678356291872,-170.715341993895,1246.21116433181,"punishment_fine","insig","Pers.",""
"144","judge_some_foreign_background:defendant_log_net_income","judge_some_foreign_background","defendant_log_net_income",559.363088924727,327.584712995105,1.70753721628361,0.0878249938566957,-82.9484910280372,1201.67466887749,"punishment_fine","*","Conv.",""
"145","judge_some_foreign_background:case_is_not_oslo","judge_some_foreign_background","case_is_not_oslo",0.0409892013218667,0.0713338814814705,0.574610556310663,0.565581290620185,-0.0988574439063702,0.180835846550103,"judgement_convicted_binary","insig","None",""
"146","judge_some_foreign_background:case_is_not_oslo","judge_some_foreign_background","case_is_not_oslo",0.026821799938106,0.0753577127111519,0.355926407173672,0.721913139309935,-0.120918188609508,0.17456178848572,"judgement_convicted_binary","insig","Pers.",""
"147","judge_some_foreign_background:case_is_not_oslo","judge_some_foreign_background","case_is_not_oslo",-0.0378804707753194,0.0593287468020923,-0.63848425623552,0.523193024383064,-0.154195920595559,0.0784349790449201,"judgement_convicted_binary","insig","Conv.",""
"148","judge_some_foreign_background:case_is_not_oslo","judge_some_foreign_background","case_is_not_oslo",-57.6187786518091,49.4326076306323,-1.16560265406885,0.243840041399512,-154.532296646801,39.2947393431826,"punishment_prison_days","insig","None",""
"149","judge_some_foreign_background:case_is_not_oslo","judge_some_foreign_background","case_is_not_oslo",-59.0118319182058,50.8797339825186,-1.1598298045049,0.246191282307358,-158.766185701589,40.7425218651773,"punishment_prison_days","insig","Pers.",""
"150","judge_some_foreign_background:case_is_not_oslo","judge_some_foreign_background","case_is_not_oslo",-56.0602173137667,45.1195943160999,-1.24248052677555,0.214137657595274,-144.521787212578,32.4013525850446,"punishment_prison_days","insig","Conv.",""
"151","judge_some_foreign_background:case_is_not_oslo","judge_some_foreign_background","case_is_not_oslo",806.371428028088,4052.74401870762,0.198969247577899,0.842298407277277,-7139.62056903725,8752.36342509342,"punishment_fine","insig","None",""
"152","judge_some_foreign_background:case_is_not_oslo","judge_some_foreign_background","case_is_not_oslo",656.538842186245,4218.90975507136,0.15561812892467,0.876344212160972,-7615.61674462387,8928.69442899636,"punishment_fine","insig","Pers.",""
"153","judge_some_foreign_background:case_is_not_oslo","judge_some_foreign_background","case_is_not_oslo",65.8175354986339,3829.49748910832,0.017186990117066,0.986288575986692,-7442.86795890372,7574.50302990099,"punishment_fine","insig","Conv.",""
"154","judge_some_foreign_background:defendant_is_married","judge_some_foreign_background","defendant_is_married",-0.0303936766318246,0.104143022415103,-0.291845540171463,0.770417796386442,-0.23456361171142,0.173776258447771,"judgement_convicted_binary","insig","None",""
"155","judge_some_foreign_background:defendant_is_married","judge_some_foreign_background","defendant_is_married",-0.0232987409712918,0.10445002037129,-0.223061143391561,0.823498514661777,-0.228074659165645,0.181477177223062,"judgement_convicted_binary","insig","Pers.",""
"156","judge_some_foreign_background:defendant_is_married","judge_some_foreign_background","defendant_is_married",-0.0403726815182149,0.0817716122657789,-0.493724905251877,0.621526077425647,-0.20068791445155,0.11994255141512,"judgement_convicted_binary","insig","Conv.",""
"157","judge_some_foreign_background:defendant_is_married","judge_some_foreign_background","defendant_is_married",51.1175383379912,73.4857354173765,0.695611713588484,0.486711675590196,-92.9546278534569,195.189704529439,"punishment_prison_days","insig","None",""
"158","judge_some_foreign_background:defendant_is_married","judge_some_foreign_background","defendant_is_married",46.0977393457992,72.252079574486,0.638012630463822,0.523504064576956,-95.5590450614226,187.754523753021,"punishment_prison_days","insig","Pers.",""
"159","judge_some_foreign_background:defendant_is_married","judge_some_foreign_background","defendant_is_married",58.7569608335251,63.6883854244524,0.922569483304347,0.356291451879655,-66.1106193024353,183.624540969486,"punishment_prison_days","insig","Conv.",""
"160","judge_some_foreign_background:defendant_is_married","judge_some_foreign_background","defendant_is_married",-1804.96861788323,6306.59207561626,-0.286203482997092,0.774740122319086,-14170.1671610076,10560.2299252411,"punishment_fine","insig","None",""
"161","judge_some_foreign_background:defendant_is_married","judge_some_foreign_background","defendant_is_married",-1888.8855300731,6244.76978515484,-0.302474806127103,0.762310521185794,-14133.2117341395,10355.4406739933,"punishment_fine","insig","Pers.",""
"162","judge_some_foreign_background:defendant_is_married","judge_some_foreign_background","defendant_is_married",-1940.128791342,5627.79645238086,-0.3447403984416,0.730313541675862,-12974.8281762163,9094.5705935323,"punishment_fine","insig","Conv.",""
"163","judge_log_net_income:defendant_age","judge_log_net_income","defendant_age",-7.1392866289076e-06,0.000783638206122383,-0.00911043715470993,0.992731395956325,-0.00154342313980623,0.00152914456654841,"judgement_convicted_binary","insig","None",""
"164","judge_log_net_income:defendant_age","judge_log_net_income","defendant_age",0.000517161705623043,0.000824422003198421,0.627302162747557,0.530494492669894,-0.00109913068076876,0.00213345409201485,"judgement_convicted_binary","insig","Pers.",""
"165","judge_log_net_income:defendant_age","judge_log_net_income","defendant_age",-5.20976321270944e-05,0.000645970584885356,-0.0806501617040974,0.935723983683778,-0.00131853866116521,0.00121434339691102,"judgement_convicted_binary","insig","Conv.",""
"166","judge_log_net_income:defendant_age","judge_log_net_income","defendant_age",0.864377620387446,0.542804452420009,1.59242912716311,0.111361937994213,-0.199799588761628,1.92855482953652,"punishment_prison_days","insig","None",""
"167","judge_log_net_income:defendant_age","judge_log_net_income","defendant_age",0.318193706612412,0.558916835930441,0.569304207991352,0.569183502427496,-0.777613669386264,1.41400108261109,"punishment_prison_days","insig","Pers.",""
"168","judge_log_net_income:defendant_age","judge_log_net_income","defendant_age",0.457666223881035,0.493125278149495,0.928093213145505,0.353419448892053,-0.509156215972475,1.42448866373455,"punishment_prison_days","insig","Conv.",""
"169","judge_log_net_income:defendant_age","judge_log_net_income","defendant_age",-65.7032346605524,43.7062037071065,-1.50329310458664,0.132853801200724,-151.395487523397,19.989018202292,"punishment_fine","insig","None",""
"170","judge_log_net_income:defendant_age","judge_log_net_income","defendant_age",-54.0148805900977,45.7019671547964,-1.18189399609747,0.237338827722889,-143.624235820633,35.5944746404377,"punishment_fine","insig","Pers.",""
"171","judge_log_net_income:defendant_age","judge_log_net_income","defendant_age",-66.5747429837216,41.2316717142158,-1.61465058814892,0.106490813433152,-147.419724914387,14.2702389469441,"punishment_fine","insig","Conv.",""
"172","judge_log_net_income:defendant_is_woman","judge_log_net_income","defendant_is_woman",-0.0551005453885377,0.0308581350932852,-1.78560840510831,0.0742267198412576,-0.115596855926683,0.00539576514960748,"judgement_convicted_binary","*","None",""
"173","judge_log_net_income:defendant_is_woman","judge_log_net_income","defendant_is_woman",-0.0489084390482096,0.0324956505459779,-1.50507647104985,0.132377864349091,-0.11261667629145,0.0147997981950311,"judgement_convicted_binary","insig","Pers.",""
"174","judge_log_net_income:defendant_is_woman","judge_log_net_income","defendant_is_woman",-0.0336220139840016,0.0255115590845914,-1.31791294575598,0.187604074013172,-0.0836380455114906,0.0163940175434875,"judgement_convicted_binary","insig","Conv.",""
"175","judge_log_net_income:defendant_is_woman","judge_log_net_income","defendant_is_woman",32.0602635557906,21.2857704869462,1.50618290164559,0.132096098120937,-9.67121307231012,73.7917401838914,"punishment_prison_days","insig","None",""
"176","judge_log_net_income:defendant_is_woman","judge_log_net_income","defendant_is_woman",9.48418578272263,22.1016222323728,0.429117178956706,0.667862380067274,-33.8480581341248,52.81642969957,"punishment_prison_days","insig","Pers.",""
"177","judge_log_net_income:defendant_is_woman","judge_log_net_income","defendant_is_woman",19.7441166204102,19.5355496770182,1.01067627718903,0.312237144616991,-18.5573224651934,58.0455557060137,"punishment_prison_days","insig","Conv.",""
"178","judge_log_net_income:defendant_is_woman","judge_log_net_income","defendant_is_woman",3484.65801427617,1784.9983089937,1.95219121313379,0.0509976696420968,-15.1232003954897,6984.43922894782,"punishment_fine","*","None",""
"179","judge_log_net_income:defendant_is_woman","judge_log_net_income","defendant_is_woman",4596.1803490744,1852.17180892068,2.48150864133535,0.0131356160218515,964.56595901115,8227.79473913765,"punishment_fine","**","Pers.",""
"180","judge_log_net_income:defendant_is_woman","judge_log_net_income","defendant_is_woman",5289.45616305512,1670.74221741771,3.16593194803593,0.00156126068320523,2013.54910514736,8565.36322096287,"punishment_fine","***","Conv.",""
"181","judge_log_net_income:defendant_some_foreign_background","judge_log_net_income","defendant_some_foreign_background",-0.0219748970785368,0.015919242939723,-1.38039837457994,0.167532890271969,-0.0531844717750943,0.00923467761802066,"judgement_convicted_binary","insig","None",""
"182","judge_log_net_income:defendant_some_foreign_background","judge_log_net_income","defendant_some_foreign_background",-0.0263812897700854,0.0175709909942798,-1.50141160385739,0.133322558629017,-0.060829495731636,0.0080669161914652,"judgement_convicted_binary","insig","Pers.",""
"183","judge_log_net_income:defendant_some_foreign_background","judge_log_net_income","defendant_some_foreign_background",-0.0292016482520868,0.0138191031698032,-2.11313627905295,0.0346474517325867,-0.0562943358267933,-0.00210896067738024,"judgement_convicted_binary","**","Conv.",""
"184","judge_log_net_income:defendant_some_foreign_background","judge_log_net_income","defendant_some_foreign_background",-30.1022630909157,10.8448470198464,-2.77572039843694,0.00553394758335471,-51.3643026568316,-8.84022352499971,"punishment_prison_days","***","None",""
"185","judge_log_net_income:defendant_some_foreign_background","judge_log_net_income","defendant_some_foreign_background",-40.4677272121279,12.2121411754593,-3.3137290693502,0.000929266389810627,-64.4107425527337,-16.5247118715221,"punishment_prison_days","***","Pers.",""
"186","judge_log_net_income:defendant_some_foreign_background","judge_log_net_income","defendant_some_foreign_background",-34.7501446265942,10.8226910790982,-3.21085988435049,0.00133465348894471,-55.9691351316852,-13.5311541215032,"punishment_prison_days","***","Conv.",""
"187","judge_log_net_income:defendant_some_foreign_background","judge_log_net_income","defendant_some_foreign_background",917.898240658291,1240.40891241659,0.739996489439938,0.459356190040909,-1514.17473066715,3349.97121198373,"punishment_fine","insig","None",""
"188","judge_log_net_income:defendant_some_foreign_background","judge_log_net_income","defendant_some_foreign_background",1280.25476995419,1307.12729325749,0.979441540665611,0.327438635176374,-1282.67285100153,3843.18239090991,"punishment_fine","insig","Pers.",""
"189","judge_log_net_income:defendant_some_foreign_background","judge_log_net_income","defendant_some_foreign_background",1653.64560014535,1179.62642013059,1.40183838876911,0.161066245619756,-659.306377193795,3966.59757748449,"punishment_fine","insig","Conv.",""
"190","judge_log_net_income:defendant_log_net_income","judge_log_net_income","defendant_log_net_income",0.0041333315930047,0.00215233038664101,1.92039828952808,0.0548648278515577,-8.61870750813801e-05,0.00835285026109079,"judgement_convicted_binary","*","None",""
"191","judge_log_net_income:defendant_log_net_income","judge_log_net_income","defendant_log_net_income",0.00512574773702518,0.00240118864182034,2.13467099075537,0.0328442778334564,0.000418179398227923,0.00983331607582243,"judgement_convicted_binary","**","Pers.",""
"192","judge_log_net_income:defendant_log_net_income","judge_log_net_income","defendant_log_net_income",0.00245980282713933,0.00188815486416028,1.3027548077913,0.192729316834986,-0.0012419706670436,0.00616157632132227,"judgement_convicted_binary","insig","Conv.",""
"193","judge_log_net_income:defendant_log_net_income","judge_log_net_income","defendant_log_net_income",-5.86855218419018,1.52477042106767,-3.84881035407344,0.000120387587450343,-8.85787505757016,-2.87922931081019,"punishment_prison_days","***","None",""
"194","judge_log_net_income:defendant_log_net_income","judge_log_net_income","defendant_log_net_income",-5.34195943920592,1.67722399405608,-3.18500060703717,0.00145929435300218,-8.63030988016016,-2.05360899825169,"punishment_prison_days","***","Pers.",""
"195","judge_log_net_income:defendant_log_net_income","judge_log_net_income","defendant_log_net_income",-3.43334415376859,1.48571993305963,-2.31089593494118,0.0208930408932565,-6.34624972618226,-0.52043858135491,"punishment_prison_days","**","Conv.",""
"196","judge_log_net_income:defendant_log_net_income","judge_log_net_income","defendant_log_net_income",-169.752133809502,128.855973917109,-1.31737884282106,0.18779654332979,-422.391192774831,82.8869251558272,"punishment_fine","insig","None",""
"197","judge_log_net_income:defendant_log_net_income","judge_log_net_income","defendant_log_net_income",-153.893482842988,141.963829493854,-1.08403304835934,0.278434829498672,-432.246648340523,124.459682654547,"punishment_fine","insig","Pers.",""
"198","judge_log_net_income:defendant_log_net_income","judge_log_net_income","defendant_log_net_income",-184.631526369951,128.867740683164,-1.43272106262721,0.152041035441465,-437.308891459276,68.0458387193744,"punishment_fine","insig","Conv.",""
"199","judge_log_net_income:case_is_not_oslo","judge_log_net_income","case_is_not_oslo",0.0325041704478721,0.0243582868129505,1.33441939892878,0.182127640417547,-0.0152488355812076,0.0802571764769519,"judgement_convicted_binary","insig","None",""
"200","judge_log_net_income:case_is_not_oslo","judge_log_net_income","case_is_not_oslo",0.0111314386061944,0.0267767882059901,0.41571224004021,0.677641327575126,-0.0413648785001689,0.0636277557125578,"judgement_convicted_binary","insig","Pers.",""
"201","judge_log_net_income:case_is_not_oslo","judge_log_net_income","case_is_not_oslo",-0.0137681985554999,0.0210554715137023,-0.653901222137909,0.513210950214213,-0.0550479621153659,0.0275115650043662,"judgement_convicted_binary","insig","Conv.",""
"202","judge_log_net_income:case_is_not_oslo","judge_log_net_income","case_is_not_oslo",-58.9743907524296,16.8533532356576,-3.4992674708588,0.000471191576292489,-92.0155054175651,-25.9332760872941,"punishment_prison_days","***","None",""
"203","judge_log_net_income:case_is_not_oslo","judge_log_net_income","case_is_not_oslo",-51.0837310538587,18.2104958920222,-2.80518066925557,0.00505451611057308,-86.7870672860759,-15.3803948216415,"punishment_prison_days","***","Pers.",""
"204","judge_log_net_income:case_is_not_oslo","judge_log_net_income","case_is_not_oslo",-38.2698117551286,16.1387275920891,-2.3713029132413,0.0177761580113312,-69.9114344382483,-6.628189072009,"punishment_prison_days","**","Conv.",""
"205","judge_log_net_income:case_is_not_oslo","judge_log_net_income","case_is_not_oslo",-1034.54629792425,1441.40647996308,-0.717733902480272,0.472968521712656,-3860.61299560529,1791.52039975679,"punishment_fine","insig","None",""
"206","judge_log_net_income:case_is_not_oslo","judge_log_net_income","case_is_not_oslo",-652.884909833234,1580.74946683965,-0.413022381806352,0.679618910103575,-3752.31255645364,2446.54273678717,"punishment_fine","insig","Pers.",""
"207","judge_log_net_income:case_is_not_oslo","judge_log_net_income","case_is_not_oslo",-461.008317664682,1432.1955216666,-0.321889232783121,0.747558881128906,-3269.18504823358,2347.16841290421,"punishment_fine","insig","Conv.",""
"208","judge_log_net_income:defendant_is_married","judge_log_net_income","defendant_is_married",0.0156976031402117,0.0229039746781051,0.685365896567189,0.49314663776695,-0.0292048499891082,0.0606000562695315,"judgement_convicted_binary","insig","None",""
"209","judge_log_net_income:defendant_is_married","judge_log_net_income","defendant_is_married",0.0171901272143728,0.0242867726111238,0.70779792315836,0.479109117281156,-0.0304244749057754,0.0648047293345209,"judgement_convicted_binary","insig","Pers.",""
"210","judge_log_net_income:defendant_is_married","judge_log_net_income","defendant_is_married",-0.00355945353896199,0.019010503575846,-0.187236152096702,0.851484449983017,-0.0408300077630369,0.033711100685113,"judgement_convicted_binary","insig","Conv.",""
"211","judge_log_net_income:defendant_is_married","judge_log_net_income","defendant_is_married",-93.716679604085,15.4324973641957,-6.07268398577621,1.37024912962992e-09,-123.972615298878,-63.4607439092922,"punishment_prison_days","***","None",""
"212","judge_log_net_income:defendant_is_married","judge_log_net_income","defendant_is_married",-107.426557877126,16.066143986952,-6.68651780815433,2.62060973141888e-11,-138.925696841961,-75.9274189122912,"punishment_prison_days","***","Pers.",""
"213","judge_log_net_income:defendant_is_married","judge_log_net_income","defendant_is_married",-92.1773260211923,14.1539891241702,-6.51246268543368,8.38240872725822e-11,-119.927666360756,-64.4269856816291,"punishment_prison_days","***","Conv.",""
"214","judge_log_net_income:defendant_is_married","judge_log_net_income","defendant_is_married",-1626.88256914621,2166.46799975584,-0.750937733365812,0.45274222115065,-5874.5975218888,2620.83238359637,"punishment_fine","insig","None",""
"215","judge_log_net_income:defendant_is_married","judge_log_net_income","defendant_is_married",-3487.93963178297,2376.83751203614,-1.46747079433082,0.142349932648891,-8148.28338066153,1172.40411709559,"punishment_fine","insig","Pers.",""
"216","judge_log_net_income:defendant_is_married","judge_log_net_income","defendant_is_married",-2052.05981780916,2147.29810573709,-0.955647384183186,0.339326876951577,-6262.37362126853,2158.25398565021,"punishment_fine","insig","Conv.",""
"217","judge_is_married:defendant_age","judge_is_married","defendant_age",-0.000612999489818504,0.000853256200672945,-0.718423715333149,0.472530675395228,-0.00228576836670014,0.00105976938706313,"judgement_convicted_binary","insig","None",""
"218","judge_is_married:defendant_age","judge_is_married","defendant_age",-0.000670016365015259,0.000894712712819097,-0.748862015053015,0.453981337281879,-0.00242411480019423,0.00108408207016371,"judgement_convicted_binary","insig","Pers.",""
"219","judge_is_married:defendant_age","judge_is_married","defendant_age",-0.00134144007808396,0.000701320533570118,-1.91273463968789,0.0558494100699759,-0.00271639602654674,3.35158703788163e-05,"judgement_convicted_binary","*","Conv.",""
"220","judge_is_married:defendant_age","judge_is_married","defendant_age",1.17233256513077,0.602814985848283,1.94476347246255,0.0518690215214944,-0.00949809394299805,2.35416322420454,"punishment_prison_days","*","None",""
"221","judge_is_married:defendant_age","judge_is_married","defendant_age",1.28517662680851,0.617632935494974,2.08080973819598,0.0375184288338076,0.0742509883843032,2.49610226523272,"punishment_prison_days","**","Pers.",""
"222","judge_is_married:defendant_age","judge_is_married","defendant_age",1.13694931238729,0.545355624521393,2.08478515901451,0.0371568612559939,0.0677239474532187,2.20617467732136,"punishment_prison_days","**","Conv.",""
"223","judge_is_married:defendant_age","judge_is_married","defendant_age",-44.9013197405922,49.544655651983,-0.906279782344093,0.364850600194843,-142.040884841284,52.2382453600998,"punishment_fine","insig","None",""
"224","judge_is_married:defendant_age","judge_is_married","defendant_age",-44.5451612041362,51.8201481634326,-0.859610842169881,0.390070366210585,-146.150635847008,57.0603134387352,"punishment_fine","insig","Pers.",""
"225","judge_is_married:defendant_age","judge_is_married","defendant_age",-78.3197047991128,46.8143053665821,-1.67298658360571,0.0944334748904222,-170.11083317466,13.4714235764344,"punishment_fine","*","Conv.",""
"226","judge_is_married:defendant_is_woman","judge_is_married","defendant_is_woman",0.00995045161473042,0.0310674452432944,0.320285480083952,0.748766154791624,-0.0509562937208156,0.0708571969502765,"judgement_convicted_binary","insig","None",""
"227","judge_is_married:defendant_is_woman","judge_is_married","defendant_is_woman",-0.00104765737182363,0.0323201242923971,-0.0324150167971376,0.974142591542929,-0.0644117726166535,0.0623164578730062,"judgement_convicted_binary","insig","Pers.",""
"228","judge_is_married:defendant_is_woman","judge_is_married","defendant_is_woman",0.0138384083226582,0.025376003747885,0.545334421453638,0.585552253020947,-0.0359118636731636,0.0635886803184801,"judgement_convicted_binary","insig","Conv.",""
"229","judge_is_married:defendant_is_woman","judge_is_married","defendant_is_woman",-18.8046373882981,21.6536820742316,-0.868426779511833,0.385211065691005,-61.2574827828396,23.6482080062435,"punishment_prison_days","insig","None",""
"230","judge_is_married:defendant_is_woman","judge_is_married","defendant_is_woman",-28.5327443574847,22.2371913850638,-1.28310917792655,0.199532408059269,-72.1307839489773,15.065295234008,"punishment_prison_days","insig","Pers.",""
"231","judge_is_married:defendant_is_woman","judge_is_married","defendant_is_woman",-37.7022503168554,19.6657716327214,-1.91715082535199,0.0552953067952435,-76.2590028380385,0.854502204327602,"punishment_prison_days","*","Conv.",""
"232","judge_is_married:defendant_is_woman","judge_is_married","defendant_is_woman",2619.25784892771,1840.53864280932,1.42309310329382,0.154801676329237,-989.426916860166,6227.94261471558,"punishment_fine","insig","None",""
"233","judge_is_married:defendant_is_woman","judge_is_married","defendant_is_woman",3152.79578353579,1880.20031700336,1.67684036377607,0.0936749822570197,-533.775027305929,6839.3665943775,"punishment_fine","*","Pers.",""
"234","judge_is_married:defendant_is_woman","judge_is_married","defendant_is_woman",4825.07132286349,1699.0973248738,2.83978513309818,0.0045445858842821,1493.56700065322,8156.57564507375,"punishment_fine","***","Conv.",""
"235","judge_is_married:defendant_some_foreign_background","judge_is_married","defendant_some_foreign_background",0.0110701163775726,0.0240469650310195,0.460353993249984,0.64528461982639,-0.0360738773622576,0.0582141101174028,"judgement_convicted_binary","insig","None",""
"236","judge_is_married:defendant_some_foreign_background","judge_is_married","defendant_some_foreign_background",0.0104132430056565,0.0245340313252848,0.424440764242632,0.671265630961002,-0.0376861137372661,0.0585125997485792,"judgement_convicted_binary","insig","Pers.",""
"237","judge_is_married:defendant_some_foreign_background","judge_is_married","defendant_some_foreign_background",0.00485017447940989,0.0192647699249219,0.251763945186568,0.801235743473545,-0.0329188751008131,0.0426192240596329,"judgement_convicted_binary","insig","Conv.",""
"238","judge_is_married:defendant_some_foreign_background","judge_is_married","defendant_some_foreign_background",1.82162201345928,16.4224517787459,0.110922658687105,0.911683354570847,-30.3757308870811,34.0189749139997,"punishment_prison_days","insig","None",""
"239","judge_is_married:defendant_some_foreign_background","judge_is_married","defendant_some_foreign_background",9.20404987478357,16.8211938022797,0.547169837228566,0.584294323605758,-23.7754330405161,42.1835327900833,"punishment_prison_days","insig","Pers.",""
"240","judge_is_married:defendant_some_foreign_background","judge_is_married","defendant_some_foreign_background",5.25363551223249,14.8700440413541,0.353303292015944,0.723881102439976,-23.9006035783719,34.4078746028369,"punishment_prison_days","insig","Conv.",""
"241","judge_is_married:defendant_some_foreign_background","judge_is_married","defendant_some_foreign_background",-1802.15917688302,1407.29764882822,-1.28058138829663,0.200433694832723,-4561.45718467749,957.138830911446,"punishment_fine","insig","None",""
"242","judge_is_married:defendant_some_foreign_background","judge_is_married","defendant_some_foreign_background",-2364.19529928313,1414.92713073374,-1.6708954460836,0.0948437288810348,-5138.48961912698,410.099020560717,"punishment_fine","*","Pers.",""
"243","judge_is_married:defendant_some_foreign_background","judge_is_married","defendant_some_foreign_background",-2832.6657193991,1278.12413531322,-2.2162680768914,0.0267473886844256,-5338.74704786774,-326.584390930459,"punishment_fine","**","Conv.",""
"244","judge_is_married:defendant_log_net_income","judge_is_married","defendant_log_net_income",-0.000191035607343375,0.00236185777168291,-0.0808836203575691,0.935537784862038,-0.00482132694310196,0.00443925572841522,"judgement_convicted_binary","insig","None",""
"245","judge_is_married:defendant_log_net_income","judge_is_married","defendant_log_net_income",0.000675339648318382,0.00256082306701323,0.263719761438284,0.792008503876455,-0.00434519450779609,0.00569587380443285,"judgement_convicted_binary","insig","Pers.",""
"246","judge_is_married:defendant_log_net_income","judge_is_married","defendant_log_net_income",-0.000364679618403779,0.00200766210696516,-0.181643921623365,0.855870870681329,-0.00430074996618444,0.00357139072937689,"judgement_convicted_binary","insig","Conv.",""
"247","judge_is_married:defendant_log_net_income","judge_is_married","defendant_log_net_income",-4.54747656839936,1.63814295146528,-2.77599495473319,0.00552685152390091,-7.7590717711322,-1.33588136566652,"punishment_prison_days","***","None",""
"248","judge_is_married:defendant_log_net_income","judge_is_married","defendant_log_net_income",-2.62250006396909,1.74860961575174,-1.49976303478215,0.13375921961557,-6.05080851972196,0.805808391783784,"punishment_prison_days","insig","Pers.",""
"249","judge_is_married:defendant_log_net_income","judge_is_married","defendant_log_net_income",-2.04940369073829,1.54431147983535,-1.32706628002065,0.184568225222684,-5.07718397089573,0.978376589419162,"punishment_prison_days","insig","Conv.",""
"250","judge_is_married:defendant_log_net_income","judge_is_married","defendant_log_net_income",-127.264979272553,135.759086032397,-0.93743249893553,0.348600152462442,-393.439008698388,138.909050153282,"punishment_fine","insig","None",""
"251","judge_is_married:defendant_log_net_income","judge_is_married","defendant_log_net_income",-139.413419746982,146.672257112341,-0.950509813455726,0.341927703118697,-426.998554660915,148.171715166951,"punishment_fine","insig","Pers.",""
"252","judge_is_married:defendant_log_net_income","judge_is_married","defendant_log_net_income",-184.633308016179,132.990810195627,-1.38831628850585,0.165143115178761,-445.394979813811,76.1283637814536,"punishment_fine","insig","Conv.",""
"253","judge_is_married:case_is_not_oslo","judge_is_married","case_is_not_oslo",0.00106934785146121,0.0278430061430853,0.038406336081881,0.969365262094936,-0.0535153234405532,0.0556540191434756,"judgement_convicted_binary","insig","None",""
"254","judge_is_married:case_is_not_oslo","judge_is_married","case_is_not_oslo",-0.00171095246610557,0.0302273508929789,-0.056602792357268,0.954864239979792,-0.0609721523365276,0.0575502474043164,"judgement_convicted_binary","insig","Pers.",""
"255","judge_is_married:case_is_not_oslo","judge_is_married","case_is_not_oslo",-0.0332597550763548,0.0238470662931933,-1.39471055548028,0.163176288909088,-0.0800125080383984,0.0134929978856888,"judgement_convicted_binary","insig","Conv.",""
"256","judge_is_married:case_is_not_oslo","judge_is_married","case_is_not_oslo",-30.6221118736976,19.3658405010266,-1.58124362699746,0.113895078696522,-68.5890306913466,7.34480694395138,"punishment_prison_days","insig","None",""
"257","judge_is_married:case_is_not_oslo","judge_is_married","case_is_not_oslo",-29.5588588871059,20.5777692081583,-1.43644622447155,0.150958075595748,-69.9034501219719,10.78573234776,"punishment_prison_days","insig","Pers.",""
"258","judge_is_married:case_is_not_oslo","judge_is_married","case_is_not_oslo",8.54973353379027,18.3095479379811,0.46695492224878,0.6405594839265,-27.3480040075555,44.447471075136,"punishment_prison_days","insig","Conv.",""
"259","judge_is_married:case_is_not_oslo","judge_is_married","case_is_not_oslo",197.184942695369,1596.91074546169,0.123479000473731,0.901734820105227,-2933.77431885652,3328.14420424726,"punishment_fine","insig","None",""
"260","judge_is_married:case_is_not_oslo","judge_is_married","case_is_not_oslo",735.622010642048,1717.48515513115,0.428313460785559,0.66845281104284,-2631.90781248433,4103.15183376842,"punishment_fine","insig","Pers.",""
"261","judge_is_married:case_is_not_oslo","judge_is_married","case_is_not_oslo",65.0691097150103,1561.57099018353,0.0416690052031274,0.966765316356251,-2996.7805130669,3126.91873249692,"punishment_fine","insig","Conv.",""
"262","judge_is_married:defendant_is_married","judge_is_married","defendant_is_married",-0.0905426699077304,0.0367807943692181,-2.46168337200204,0.0138642942017167,-0.162650255785542,-0.0184350840299189,"judgement_convicted_binary","**","None",""
"263","judge_is_married:defendant_is_married","judge_is_married","defendant_is_married",-0.104087924384127,0.0391263852467301,-2.66030004376204,0.00783609096399714,-0.180795821960827,-0.0273800268074263,"judgement_convicted_binary","***","Pers.",""
"264","judge_is_married:defendant_is_married","judge_is_married","defendant_is_married",-0.0746400281085127,0.0306673122023728,-2.43386272706147,0.0149797327118678,-0.134764038910489,-0.0145160173065363,"judgement_convicted_binary","**","Conv.",""
"265","judge_is_married:defendant_is_married","judge_is_married","defendant_is_married",57.8229770586216,25.9386030944555,2.22922479086707,0.0258523940185659,6.9693853625602,108.676568754683,"punishment_prison_days","**","None",""
"266","judge_is_married:defendant_is_married","judge_is_married","defendant_is_married",59.2869350864099,27.5182123448617,2.1544617195121,0.0312669096027664,5.33497278490192,113.238897387918,"punishment_prison_days","**","Pers.",""
"267","judge_is_married:defendant_is_married","judge_is_married","defendant_is_married",53.2385908717395,24.2791480759181,2.19277013778525,0.028385677355063,5.63684295808331,100.840338785396,"punishment_prison_days","**","Conv.",""
"268","judge_is_married:defendant_is_married","judge_is_married","defendant_is_married",-5798.17822025302,2172.91239711982,-2.66839023420293,0.00765805280738523,-10058.5374881841,-1537.81895232197,"punishment_fine","***","None",""
"269","judge_is_married:defendant_is_married","judge_is_married","defendant_is_married",-6412.03003265186,2298.17210270094,-2.7900565084382,0.00530224950596517,-10918.1319173761,-1905.92814792758,"punishment_fine","***","Pers.",""
"270","judge_is_married:defendant_is_married","judge_is_married","defendant_is_married",-6508.81898315086,2073.04434915689,-3.13973938174454,0.001707309539162,-10573.5397665013,-2444.09819980037,"punishment_fine","***","Conv.",""
